people,images,n_neighbors,duration
1,1,1,0.635254744000008
1,1,2,0.4196022520000042
1,1,3,0.4182430750000208
1,1,4,0.4152178560000266
1,1,5,0.41776205499996877
1,1,6,0.4165491499999803
1,1,7,0.41714665600005674
1,1,8,0.4188869100000261
1,1,9,0.4166701719999537
1,2,1,0.8325378019999903
1,2,2,0.8342277510000145
1,2,3,0.8271089299999517
1,2,4,0.829906483000002
1,2,5,0.8361584659999721
1,2,6,0.9095544319999931
1,2,7,1.1974560109999857
1,2,8,1.2964304039999774
1,2,9,1.4073093940000376
1,3,1,1.724706178999952
1,3,2,3.8494139549999886
1,3,3,3.6772922700000095
1,3,4,3.2291066420000334
1,3,5,3.606915015000027
1,3,6,3.6235457630000383
1,3,7,3.6276109720000136
1,3,8,3.636462404000042
1,3,9,3.58107959299997
1,4,1,4.774168442000018
1,4,2,4.79074622600001
1,4,3,4.795900748999998
1,4,4,4.804155628999979
1,4,5,4.770062901000017
1,4,6,4.768929703000026
1,4,7,5.417353058999993
1,4,8,5.063061920999985
1,4,9,4.776567593999971
1,5,1,6.033839502999967
1,5,2,6.357935225999995
1,5,3,5.979319879000002
1,5,4,6.0127193550000015
1,5,5,5.998691709000013
1,5,6,5.9495336770000335
1,5,7,6.015162353999983
1,5,8,5.963491261999991
1,5,9,6.022879297000031
1,6,1,7.301828814000032
1,6,2,7.312739755999928
1,6,3,7.292851669000015
1,6,4,7.331422610000004
1,6,5,7.142660718000002
1,6,6,7.149082409000016
1,6,7,7.196917360999919
1,6,8,7.196414589000028
1,6,9,7.263380864000055
1,7,1,8.378007589000049
1,7,2,8.385288854999999
1,7,3,8.36392695699999
1,7,4,8.378843497999924
1,7,5,8.350692988999981
1,7,6,8.500080222000065
1,7,7,8.456133724999972
1,7,8,8.368142975000069
1,7,9,8.334321986000077
1,8,1,9.640688014000034
1,8,2,9.488960281999994
1,8,3,9.517510645000016
1,8,4,9.549783171000058
1,8,5,9.611491479000051
1,8,6,9.540291774000025
1,8,7,9.592377929000008
1,8,8,9.599674373000084
1,8,9,9.481648515000074
1,9,1,10.742296088999979
1,9,2,10.755008857999997
1,9,3,10.642808756000022
1,9,4,10.764741041999969
1,9,5,10.775066466999988
1,9,6,10.800235207000014
1,9,7,10.770620269000005
1,9,8,10.730755990000034
1,9,9,10.683496764999973
1,10,1,11.920978416000025
1,10,2,11.967095651000022
1,10,3,11.911756072999992
1,10,4,12.155052979999937
1,10,5,12.065420946000017
1,10,6,11.991914473000065
1,10,7,12.087796357999991
1,10,8,11.996009263000019
1,10,9,12.065101746999972
1,11,1,13.115855298999918
1,11,2,13.152216321999958
1,11,3,13.146743804000039
1,11,4,13.089820835000069
1,11,5,13.142552034999994
1,11,6,13.032906005999962
1,11,7,13.118208672000037
1,11,8,13.112072817000126
1,11,9,13.188982313999986
1,12,1,14.261873974000082
1,12,2,14.301179802999968
1,12,3,14.358118521000051
1,12,4,14.370111193999946
1,12,5,14.439281175000133
1,12,6,14.361773611999979
1,12,7,14.354322690000117
1,12,8,12.50020782699994
1,12,9,6.2790924910000285
1,13,1,13.600662101000125
1,13,2,17.183605754000155
1,13,3,5.8845248909999555
1,13,4,8.959621234999986
1,13,5,15.791691211999932
1,13,6,15.860159104000104
1,13,7,15.788057836999997
1,13,8,15.179544191999867
1,13,9,15.766178217999823
1,14,1,16.66032429200004
1,14,2,16.74574225399988
1,14,3,16.88827653999988
1,14,4,16.73468635800009
1,14,5,16.79714458400008
1,14,6,16.76915239599998
1,14,7,16.69876401700003
1,14,8,16.789402341999903
1,14,9,16.70181836300003
1,15,1,17.960655353999982
1,15,2,17.917977658999916
1,15,3,18.00359330299989
1,15,4,19.997726233000094
1,15,5,28.860114081999882
1,15,6,32.03824726100015
1,15,7,17.75491211099984
1,15,8,11.312132757999962
1,15,9,14.996630122999932
2,1,1,1.922133027999962
2,1,2,1.6191154859998278
2,1,3,1.5531344390001323
2,1,4,1.8309375430001182
2,1,5,1.4244014839998727
2,1,6,1.479037131000041
2,1,7,1.4150714309998875
2,1,8,1.5782370919998812
2,1,9,3.7128897559998677
2,2,1,3.6083265770000708
2,2,2,2.3572596019998855
2,2,3,4.039647111000022
2,2,4,6.338410771000099
2,2,5,6.012228289000177
2,2,6,3.091688890999876
2,2,7,4.2070218930000465
2,2,8,4.189336224000044
2,2,9,2.245780572000058
2,3,1,3.119704304999914
2,3,2,3.124052521999829
2,3,3,7.611467191999964
2,3,4,6.236068493000175
2,3,5,5.39839646900009
2,3,6,5.028070724999907
2,3,7,4.220490707999943
2,3,8,4.741306542000075
2,3,9,7.67183276500009
2,4,1,6.389457982000067
2,4,2,3.937845472999925
2,4,3,3.971274287000142
2,4,4,4.153184092999936
2,4,5,3.9679477080001107
2,4,6,4.018542962000083
2,4,7,6.075001237000151
2,4,8,8.974280249000003
2,4,9,6.212963122000019
2,5,1,6.305447291000064
2,5,2,6.706552014999943
2,5,3,9.389206075999937
2,5,4,9.018738538999969
2,5,5,13.719584052000073
2,5,6,9.814164576000167
2,5,7,9.744036471999834
2,5,8,7.314873985000077
2,5,9,9.783076648999895
2,6,1,6.034225382000159
2,6,2,10.371302485999877
2,6,3,14.487306727000032
2,6,4,7.192960481
2,6,5,5.944797294000182
2,6,6,6.147845465999808
2,6,7,5.912015839000105
2,6,8,5.88229715600005
2,6,9,5.913722315000086
2,7,1,6.869935626999904
2,7,2,6.983046017999868
2,7,3,6.877909635000151
2,7,4,6.822505630000023
2,7,5,6.906908892999809
2,7,6,6.834065588000158
2,7,7,6.841495790000181
2,7,8,6.843960849000041
2,7,9,6.853764591000072
2,8,1,7.785323753000057
2,8,2,8.280775677999827
2,8,3,10.826961344999972
2,8,4,7.898236814000029
2,8,5,7.886158310999917
2,8,6,8.277603842999952
2,8,7,7.874820046999957
2,8,8,7.7898697140003605
2,8,9,7.821210607000012
2,9,1,8.762814831000014
2,9,2,8.85674897700028
2,9,3,8.724945272999776
2,9,4,8.725617991000036
2,9,5,9.312091498999962
2,9,6,8.781061537000369
2,9,7,8.722164637999867
2,9,8,8.728446545999759
2,9,9,8.785590163000052
2,10,1,9.708353777999946
2,10,2,9.832624362999923
2,10,3,9.765157312000156
2,10,4,9.77649041900031
2,10,5,9.777582614000039
2,10,6,9.773043424999742
2,10,7,9.742218324000078
2,10,8,9.763326194000001
2,10,9,9.9747385390001
2,11,1,11.009949674999916
2,11,2,10.587158136999733
2,11,3,12.348722797999926
2,11,4,11.119766516999789
2,11,5,10.593852074000097
2,11,6,10.616123210999831
2,11,7,10.682462605999717
2,11,8,10.676921858999776
2,11,9,10.755330973999662
2,12,1,11.615471839999827
2,12,2,11.60060426300015
2,12,3,11.610443605
2,12,4,23.072967895999682
2,12,5,18.61464067099996
2,12,6,14.134115605000261
2,12,7,16.728775010999925
2,12,8,13.203975392999837
2,12,9,11.878485557999738
2,13,1,12.855553402000169
2,13,2,12.748373884000102
2,13,3,12.744670108999799
2,13,4,22.24462234900011
2,13,5,12.785502844999883
2,13,6,13.948182305000046
2,13,7,13.072792889000084
2,13,8,12.953723965000336
2,13,9,12.872471506999773
2,14,1,15.154006383999786
2,14,2,15.672786295999686
2,14,3,13.830591238000125
2,14,4,13.674774287000218
2,14,5,13.616262540999742
2,14,6,13.589058680000107
2,14,7,13.55120880000004
2,14,8,13.52728022600013
2,14,9,13.52890536599989
2,15,1,15.29656038100029
2,15,2,14.520591274999788
2,15,3,14.50993237900002
2,15,4,14.588104797000142
2,15,5,14.521478347000084
2,15,6,14.567330868999761
2,15,7,14.425127874000282
2,15,8,14.412743976000002
2,15,9,14.50101107799992
3,1,1,1.4812718220000534
3,1,2,1.4796243929999946
3,1,3,1.4627230910000435
3,1,4,1.4875144460002048
3,1,5,1.4587679930000377
3,1,6,1.4733658840000317
3,1,7,1.4549378450001313
3,1,8,1.4854230109999662
3,1,9,1.4739572970001973
3,2,1,3.4382635949996256
3,2,2,3.0891752630000155
3,2,3,3.722442338000292
3,2,4,2.954510437999943
3,2,5,2.937568666000061
3,2,6,2.9337866409996423
3,2,7,2.9184026670000094
3,2,8,2.9385872600000766
3,2,9,2.9344755039996926
3,3,1,4.403691792000245
3,3,2,4.423575475999769
3,3,3,4.413458442999854
3,3,4,4.452908691000175
3,3,5,4.444133833000251
3,3,6,4.455701310999757
3,3,7,4.4244077729999844
3,3,8,4.469863660000101
3,3,9,4.412749601000087
3,4,1,5.894041472000026
3,4,2,6.324789960000089
3,4,3,5.859267092999744
3,4,4,5.829053909999857
3,4,5,5.839445304000037
3,4,6,5.876462663999973
3,4,7,5.842337429000054
3,4,8,5.905473855000309
3,4,9,5.828714867000144
3,5,1,7.359687815000143
3,5,2,7.319009496000035
3,5,3,7.296689651000179
3,5,4,7.296016485000109
3,5,5,7.307052913999996
3,5,6,7.321756550999908
3,5,7,7.342324192999968
3,5,8,7.2978263730001345
3,5,9,7.342239272999905
3,6,1,8.772794247000093
3,6,2,8.77489900699993
3,6,3,10.09003301499979
3,6,4,14.138029757999902
3,6,5,11.91226193600005
3,6,6,14.454271065000285
3,6,7,14.630133746999945
3,6,8,11.312159033999706
3,6,9,12.242329101999985
3,7,1,10.497479962999932
3,7,2,10.525468535000073
3,7,3,10.351766132000193
3,7,4,10.346738471999743
3,7,5,10.318484758000068
3,7,6,10.180488516999958
3,7,7,10.355056095999771
3,7,8,10.251583710999967
3,7,9,10.216845712999657
3,8,1,11.913482944999942
3,8,2,11.821036467999875
3,8,3,11.631788206999772
3,8,4,11.696649200000138
3,8,5,11.581687237000097
3,8,6,11.579594812000323
3,8,7,11.59452593800006
3,8,8,11.554672980000305
3,8,9,11.568371294999906
3,9,1,13.017832442999861
3,9,2,13.085752263999893
3,9,3,13.219248511999922
3,9,4,13.191991066000355
3,9,5,13.046656219999932
3,9,6,13.076580639999975
3,9,7,13.073115144999974
3,9,8,13.160207329000059
3,9,9,13.255753972000093
3,10,1,14.501078768000298
3,10,2,14.580554598000163
3,10,3,14.688489059999938
3,10,4,14.683642500000133
3,10,5,14.639750679999906
3,10,6,14.495393970999885
3,10,7,14.68120325200016
3,10,8,16.628056602000015
3,10,9,22.471681781999905
3,11,1,17.006171167000048
3,11,2,21.05895230899978
3,11,3,27.419909523000115
3,11,4,22.341522224000073
3,11,5,29.030216193999877
3,11,6,16.37032357599992
3,11,7,16.324392261999947
3,11,8,16.122935868999775
3,11,9,16.5780770260003
3,12,1,17.452921443999912
3,12,2,23.963967456999853
3,12,3,17.631785434999983
3,12,4,18.273260987999947
3,12,5,17.6640653190002
3,12,6,17.48764725000001
3,12,7,17.388859670999864
3,12,8,17.501577501000156
3,12,9,17.354140045999884
3,13,1,18.79981133299998
3,13,2,18.847642113999882
3,13,3,18.744348862999686
3,13,4,18.767685981999875
3,13,5,18.807807978000255
3,13,6,18.994642998000018
3,13,7,19.059667945
3,13,8,18.91464445800011
3,13,9,18.930633926000155
3,14,1,20.366271077999954
3,14,2,20.470873969000422
3,14,3,20.455576398999256
3,14,4,20.620840855000097
3,14,5,20.52732833800019
3,14,6,29.776634331999958
3,14,7,30.39053005400001
3,14,8,25.572073239999554
3,14,9,28.464843537999514
3,15,1,25.303171235000264
3,15,2,22.010615080000207
3,15,3,21.895640373000788
3,15,4,24.178283541000383
3,15,5,36.59141823200025
3,15,6,29.875138200000038
3,15,7,35.05340184800025
3,15,8,26.15657292600008
3,15,9,35.468300418999206
4,1,1,4.284549982000499
4,1,2,2.208400184000311
4,1,3,2.1787684279997848
4,1,4,3.222162821999518
4,1,5,3.657645830000547
4,1,6,2.7033365409997714
4,1,7,2.279351860999668
4,1,8,2.240408884000317
4,1,9,3.8453213299999334
4,2,1,8.092902168000364
4,2,2,6.814941782999995
4,2,3,5.554857661999449
4,2,4,5.1743736519993035
4,2,5,7.486061466000137
4,2,6,7.201069920000009
4,2,7,4.423150441999496
4,2,8,5.073073671999737
4,2,9,4.597509502000321
4,3,1,6.628685900000164
4,3,2,6.698150173000613
4,3,3,6.577883938999548
4,3,4,6.620872372999656
4,3,5,6.4133189989997845
4,3,6,6.644300846000078
4,3,7,6.362518495000586
4,3,8,6.471758628999851
4,3,9,6.357618931000616
4,4,1,8.614064016999691
4,4,2,8.380653718999383
4,4,3,8.603029585000513
4,4,4,8.485750765000375
4,4,5,8.433732632000101
4,4,6,8.551895051999963
4,4,7,8.423691404000238
4,4,8,8.465560575000382
4,4,9,8.448567911999817
4,5,1,10.485290106999855
4,5,2,10.642490578999968
4,5,3,10.665129216999958
4,5,4,10.588835925999774
4,5,5,10.438659252000434
4,5,6,10.75445189399943
4,5,7,10.562324681999598
4,5,8,10.678064352000547
4,5,9,10.660502305000591
4,6,1,12.656703331999779
4,6,2,13.827123690999542
4,6,3,12.821351925999807
4,6,4,12.560328610999932
4,6,5,12.939563362000627
4,6,6,12.700589557999592
4,6,7,14.123345328000141
4,6,8,12.907267469000544
4,6,9,13.573065716000201
4,7,1,21.879827582999496
4,7,2,21.887795916999494
4,7,3,17.47429362100047
4,7,4,14.737628386000324
4,7,5,14.754755060999742
4,7,6,14.635706873000345
4,7,7,15.11834112500037
4,7,8,14.657427836999886
4,7,9,14.702183739999782
4,8,1,16.64402149899979
4,8,2,16.948069784000836
4,8,3,17.154594456000268
4,8,4,16.671293497999613
4,8,5,16.754946354999447
4,8,6,16.524986061999698
4,8,7,16.681381758000498
4,8,8,16.56536594499994
4,8,9,16.518374136000602
4,9,1,18.601200769999195
4,9,2,18.597859640000024
4,9,3,18.77564010900005
4,9,4,18.550375653999254
4,9,5,18.752872254999602
4,9,6,18.950036774999717
4,9,7,18.865585479999936
4,9,8,18.830957367000337
4,9,9,18.841255048000676
4,10,1,20.885227135000605
4,10,2,20.75984912900003
4,10,3,20.939196297999842
4,10,4,20.64692817699961
4,10,5,20.80249176399957
4,10,6,20.784130578999793
4,10,7,20.788565908000237
4,10,8,21.32564702899981
4,10,9,20.689373304000583
4,11,1,22.780344230999617
4,11,2,22.961779886999466
4,11,3,22.685721906000254
4,11,4,23.063297497999883
4,11,5,23.139214633999472
4,11,6,23.059709832000408
4,11,7,22.902889277000213
4,11,8,22.78321072200015
4,11,9,22.894516312999258
4,12,1,24.922898044999783
4,12,2,24.948885887999495
4,12,3,25.013375573999838
4,12,4,24.984791261999817
4,12,5,25.038829608000015
4,12,6,24.95883249200051
4,12,7,24.966814415000044
4,12,8,24.953908420000516
4,12,9,25.157304999999724
4,13,1,27.046275847000288
4,13,2,27.00739467600033
4,13,3,27.14006688200061
4,13,4,27.05575077499998
4,13,5,26.956203222000113
4,13,6,27.021569784999883
4,13,7,27.180684923000626
4,13,8,27.059712741999647
4,13,9,26.95419131499966
4,14,1,28.778129293000347
4,14,2,28.95388514000024
4,14,3,28.97326341600001
4,14,4,29.01211265799975
4,14,5,28.917076830000042
4,14,6,29.252940026000033
4,14,7,29.10081143699972
4,14,8,29.135446372999468
4,14,9,28.99394928700076
4,15,1,31.13074918700022
4,15,2,31.375081634999333
4,15,3,31.448779218999334
4,15,4,32.34378021700013
4,15,5,31.441016040999784
4,15,6,39.457043877000615
4,15,7,41.97252717399988
4,15,8,33.51044364399968
4,15,9,52.88207452400002
5,1,1,2.5360581200002343
5,1,2,2.6554476199999044
5,1,3,2.4975831420006216
5,1,4,2.63197896300062
5,1,5,2.50388205299987
5,1,6,2.4984111870007837
5,1,7,2.503530934000082
5,1,8,2.4903403440002876
5,1,9,4.133986029999505
5,2,1,10.573866119999366
5,2,2,6.2320193259993175
5,2,3,8.196683328999825
5,2,4,6.763401833999524
5,2,5,6.143713858999945
5,2,6,5.356820300000436
5,2,7,5.2775785990006625
5,2,8,5.359029203999853
5,2,9,5.376760951000506
5,3,1,7.661092074999942
5,3,2,10.716431494999597
5,3,3,10.228158979
5,3,4,10.622951147999629
5,3,5,7.4817193280005085
5,3,6,9.542128203000175
5,3,7,15.186504315000093
5,3,8,15.19503130999965
5,3,9,12.916483582000183
5,4,1,12.899918945000536
5,4,2,18.61028521099979
5,4,3,13.161633595999774
5,4,4,11.501542101999803
5,4,5,9.941909696000039
5,4,6,9.825112105999324
5,4,7,16.886278519999905
5,4,8,11.7617969490002
5,4,9,13.767542130000038
5,5,1,20.725960705000034
5,5,2,14.42162519500016
5,5,3,13.4835303079999
5,5,4,14.009647476999817
5,5,5,13.414968011999918
5,5,6,13.308595685999535
5,5,7,13.61226181100028
5,5,8,25.067414037999697
5,5,9,16.528634159999456
5,6,1,20.49390769100046
5,6,2,20.76866661999975
5,6,3,16.87602544099991
5,6,4,15.861215068000092
5,6,5,15.80191583099986
5,6,6,23.167337883999608
5,6,7,20.693429180999374
5,6,8,21.105000937000113
5,6,9,20.70897674200023
5,7,1,27.865897224000037
5,7,2,30.280264423000517
5,7,3,30.845198696999432
5,7,4,27.416315606000353
5,7,5,22.042176865999863
5,7,6,23.352403285000037
5,7,7,18.221611295000002
5,7,8,17.33573423999951
5,7,9,17.367098134000116
5,8,1,21.17874574599955
5,8,2,21.56819124499998
5,8,3,19.852600569999595
5,8,4,19.714451040999847
5,8,5,19.510293837000063
5,8,6,19.57689643499998
5,8,7,19.47346799299976
5,8,8,19.457245180999962
5,8,9,22.06318978699983
5,9,1,29.956905936999647
5,9,2,24.319815159999962
5,9,3,28.123164674999316
5,9,4,32.36931751700013
5,9,5,28.394375494000087
5,9,6,28.960909813999933
5,9,7,23.700537859999713
5,9,8,23.591860231000283
5,9,9,23.539600942000106
5,10,1,26.092307435999828
5,10,2,25.83039941199968
5,10,3,25.876004400000966
5,10,4,25.794346917999064
5,10,5,25.656532648001303
5,10,6,25.70453281399932
5,10,7,25.829670013001305
5,10,8,25.742397531999814
5,10,9,25.76846261299943
5,11,1,28.27025553400017
5,11,2,28.439967346999765
5,11,3,28.365603679998458
5,11,4,28.546900749999622
5,11,5,28.43532075999974
5,11,6,28.415795208999043
5,11,7,28.571875831999932
5,11,8,28.43464780999966
5,11,9,28.405360057999133
5,12,1,32.92073325399906
5,12,2,48.71429686100055
5,12,3,45.80758459599929
5,12,4,35.784256726999956
5,12,5,33.22217195200028
5,12,6,29.52916216199992
5,12,7,29.107448171000215
5,12,8,37.53032449099919
5,12,9,26.254232880000927
5,13,1,29.901874576999035
5,13,2,29.83186226500038
5,13,3,30.16376812499948
5,13,4,27.88869577100013
5,13,5,28.033123780000096
5,13,6,27.951261125999736
5,13,7,27.956166113001018
5,13,8,27.9575357850008
5,13,9,27.973117550000097
5,14,1,30.074085195001317
5,14,2,30.111512326000593
5,14,3,30.129657760000555
5,14,4,30.127541776000726
5,14,5,30.105842887000108
5,14,6,30.12171985599889
5,14,7,30.154943241001092
5,14,8,30.180388127000697
5,14,9,30.14287399800014
5,15,1,32.34249712499877
5,15,2,32.2770945559987
5,15,3,32.245749965999494
5,15,4,32.21169656500024
5,15,5,32.238802889
5,15,6,32.2435839030004
5,15,7,32.27329241299958
5,15,8,32.308396905000336
5,15,9,32.280412970001635
6,1,1,2.604869565999252
6,1,2,2.6104197440017742
6,1,3,2.6103616619984678
6,1,4,2.6045108049984265
6,1,5,2.59202931100117
6,1,6,2.600301448999744
6,1,7,2.6081545039996854
6,1,8,2.603944151000178
6,1,9,2.610523755000031
6,2,1,5.185649265000393
6,2,2,5.203957111998534
6,2,3,5.198371747001147
6,2,4,5.177864860999762
6,2,5,5.19709181700091
6,2,6,5.203341393000301
6,2,7,5.181543754000813
6,2,8,5.199381694999829
6,2,9,5.197835955999835
6,3,1,7.760212066999884
6,3,2,7.789127037998696
6,3,3,7.778284726999118
6,3,4,7.79878169299991
6,3,5,7.766497153999808
6,3,6,7.792051442000229
6,3,7,7.7787168200011365
6,3,8,7.783201205998921
6,3,9,7.7632743189988105
6,4,1,10.388892644999942
6,4,2,10.347251793999021
6,4,3,10.359061985000153
6,4,4,10.320710228999815
6,4,5,10.368450021998797
6,4,6,10.32066151700019
6,4,7,10.361914041001
6,4,8,10.333779040000081
6,4,9,10.367181798001184
6,5,1,12.889454002999628
6,5,2,12.932102594999378
6,5,3,12.946807205998994
6,5,4,12.97879700500016
6,5,5,12.963530934999653
6,5,6,12.964618157000587
6,5,7,12.952907256998515
6,5,8,12.956089670999063
6,5,9,12.951107185001092
6,6,1,15.542714952000097
6,6,2,15.548487836998902
6,6,3,15.553207130998999
6,6,4,15.54689737300032
6,6,5,15.537028028998975
6,6,6,15.554796517000796
6,6,7,15.56875458399918
6,6,8,15.568741021999813
6,6,9,15.573987976998978
6,7,1,18.15982166700087
6,7,2,18.147722445999534
6,7,3,18.13214475299901
6,7,4,18.100473598000463
6,7,5,18.128884723999363
6,7,6,18.110427812000125
6,7,7,18.11143876099959
6,7,8,18.116889087001255
6,7,9,18.1261445070013
6,8,1,20.72432277400003
6,8,2,20.707475638000687
6,8,3,20.699743776000105
6,8,4,20.71838843200021
6,8,5,20.713824209999075
6,8,6,20.69335441200019
6,8,7,20.707953307000935
6,8,8,20.699322397000287
6,8,9,20.695450084000186
6,9,1,23.276080338999236
6,9,2,23.2846572819999
6,9,3,23.304398079999373
6,9,4,23.335924733000866
6,9,5,23.281577586998537
6,9,6,23.298800766000568
6,9,7,23.294861954000226
6,9,8,23.28453719600111
6,9,9,23.26958335499876
6,10,1,25.869092214001284
6,10,2,25.840605847000916
6,10,3,25.872614893998616
6,10,4,25.854327258999547
6,10,5,25.86274229599985
6,10,6,25.860655445998418
6,10,7,25.842414986998847
6,10,8,25.83600153000043
6,10,9,25.84485543200026
6,11,1,28.474076795000656
6,11,2,28.423489576000065
6,11,3,28.438620662000176
6,11,4,28.411151768999844
6,11,5,28.417767752000145
6,11,6,28.416327617000206
6,11,7,28.468750447000275
6,11,8,28.436148120001235
6,11,9,28.43837853900004
6,12,1,31.066256595000596
6,12,2,31.030886196998836
6,12,3,31.038897612001165
6,12,4,31.021932966999884
6,12,5,31.020050799999808
6,12,6,31.043615750000754
6,12,7,31.013612086999274
6,12,8,31.007623849000083
6,12,9,31.017726776000927
6,13,1,33.595327122000526
6,13,2,33.58161839400054
6,13,3,33.59412094799882
6,13,4,33.63695548400028
6,13,5,33.65733790900049
6,13,6,33.638049983999736
6,13,7,33.6383309619996
6,13,8,33.63489693599877
6,13,9,33.65274866300024
6,14,1,36.22482646299977
6,14,2,36.234304235998934
6,14,3,36.21298422499967
6,14,4,36.19630763400164
6,14,5,36.19567863900011
6,14,6,36.19980654899882
6,14,7,36.19273730900022
6,14,8,36.21769321899956
6,14,9,36.249440548001076
6,15,1,38.79229986199971
6,15,2,38.80129502800082
6,15,3,38.82147436200103
6,15,4,38.81974734799951
6,15,5,38.84759578699959
6,15,6,38.806247979000545
6,15,7,38.79293181000139
6,15,8,38.81973911800014
6,15,9,38.899124530000336
7,1,1,3.049110947000372
7,1,2,3.0451424549992225
7,1,3,3.040845736000847
7,1,4,3.039771625000867
7,1,5,3.0467915589997574
7,1,6,3.040557207999882
7,1,7,3.0361248299996078
7,1,8,3.042106140001124
7,1,9,3.047935595999661
7,2,1,6.072214861000248
7,2,2,6.072927258999698
7,2,3,6.065602101998593
7,2,4,6.084647910000058
7,2,5,6.063191328999892
7,2,6,6.069192381999528
7,2,7,6.069566444999509
7,2,8,6.071968535001361
7,2,9,6.076700282999809
7,3,1,9.094723601001533
7,3,2,9.049890022999534
7,3,3,9.096637747999921
7,3,4,9.057719508000446
7,3,5,9.093462329999966
7,3,6,10.043883992000701
7,3,7,9.121488222999687
7,3,8,9.071967047999351
7,3,9,9.913625410999884
7,4,1,17.486211412999182
7,4,2,17.73206018899873
7,4,3,16.91942009000013
7,4,4,19.45510090300013
7,4,5,12.651439659000971
7,4,6,12.34652630599885
7,4,7,12.245623631000853
7,4,8,12.347591290999844
7,4,9,12.416893531999449
7,5,1,15.263406894000582
7,5,2,15.278060598999218
7,5,3,15.24613770599899
7,5,4,15.290284101998623
7,5,5,15.307153431998813
7,5,6,15.31124863200057
7,5,7,15.277004053999917
7,5,8,15.63887239700125
7,5,9,15.257090962999428
7,6,1,18.32746548200157
7,6,2,18.32412337599999
7,6,3,18.333487894000427
7,6,4,25.34370347499862
7,6,5,22.3630114030002
7,6,6,22.625150744001076
7,6,7,28.592735590998927
7,6,8,23.447052411000186
7,6,9,23.97467232499912
7,7,1,27.553717409000456
7,7,2,27.559513619999052
7,7,3,27.608321813999282
7,7,4,27.66539922099946
7,7,5,28.165637179999976
7,7,6,28.13435061599921
7,7,7,28.474712265999187
7,7,8,28.005272850001347
7,7,9,30.74419977300022
7,8,1,25.42009987900019
7,8,2,31.075202205000096
7,8,3,32.05556339400027
7,8,4,31.152818362999824
7,8,5,31.39374213999872
7,8,6,32.801765053000054
7,8,7,33.621463823999875
7,8,8,31.012767187999998
7,8,9,30.816027966999172
7,9,1,34.95839289500145
7,9,2,35.76377150799999
7,9,3,36.429342097999324
7,9,4,35.50705754199953
7,9,5,39.77295736000087
7,9,6,41.08174024299842
7,9,7,35.28231887699985
7,9,8,34.67227495099905
7,9,9,36.32022003600105
7,10,1,39.42947041300067
7,10,2,40.30493971299984
7,10,3,39.884225657999195
7,10,4,39.832307118000244
7,10,5,53.1492857989997
7,10,6,42.48212918200079
7,10,7,40.43889953299913
7,10,8,39.900536770001054
7,10,9,39.318989495001006
7,11,1,44.52496743899974
7,11,2,40.676223984999524
7,11,3,53.381226539000636
7,11,4,42.46141491700109
7,11,5,42.0984985390005
7,11,6,40.59336594500019
7,11,7,41.968009758000335
7,11,8,50.560134385999845
7,11,9,54.05957828400096
7,12,1,44.34035817699987
7,12,2,43.2766331870007
7,12,3,43.10396668800058
7,12,4,49.165514726000765
7,12,5,81.49815101099921
7,12,6,53.35318432200074
7,12,7,49.80839502900017
7,12,8,49.41739165599938
7,12,9,48.24921547899976
7,13,1,53.671372237999094
7,13,2,54.48397317000126
7,13,3,53.515460131999134
7,13,4,52.63533528900007
7,13,5,55.69727807500021
7,13,6,40.5257508779996
7,13,7,39.59132744999988
7,13,8,39.59188591199927
7,13,9,39.58845090900104
7,14,1,42.63426465500015
7,14,2,42.64063524900121
7,14,3,42.66595121000137
7,14,4,42.65346755000064
7,14,5,42.620873606001624
7,14,6,42.6325922820015
7,14,7,42.70212444599929
7,14,8,42.62283702500099
7,14,9,42.669970442000704
7,15,1,45.696760132001145
7,15,2,45.72953694399985
7,15,3,45.65371489300014
7,15,4,45.58368332600185
7,15,5,45.609568920997845
7,15,6,45.55964086899985
7,15,7,45.58180083900152
7,15,8,45.59962707500017
7,15,9,45.612445433001994
8,1,1,3.498849743999017
8,1,2,3.500560664000659
8,1,3,3.4906585839999025
8,1,4,3.4917460039978323
8,1,5,3.495998236001469
8,1,6,3.492240733001381
8,1,7,3.4927860110001347
8,1,8,3.483056585999293
8,1,9,3.4930532250000397
8,2,1,6.997585375997005
8,2,2,6.969161019002058
8,2,3,6.9901572310009215
8,2,4,6.974566533997859
8,2,5,6.982325822998973
8,2,6,6.981759493002755
8,2,7,6.9766308090001985
8,2,8,6.979067309999664
8,2,9,6.993139619000431
8,3,1,10.47510808199877
8,3,2,10.471433321003133
8,3,3,10.43200957999943
8,3,4,10.47149925100166
8,3,5,10.441228132000106
8,3,6,10.485883532001026
8,3,7,10.447145006000937
8,3,8,10.482557256000291
8,3,9,10.448522525999579
8,4,1,13.976073858000746
8,4,2,13.95332688200142
8,4,3,13.956946217000223
8,4,4,13.957603118997213
8,4,5,13.964582190001238
8,4,6,13.945484438001586
8,4,7,13.959263196000393
8,4,8,13.967643325002427
8,4,9,13.966361746002804
8,5,1,17.46017559699976
8,5,2,17.443276117002824
8,5,3,17.438612252000894
8,5,4,17.453957526999147
8,5,5,17.438802553999267
8,5,6,17.42547347099753
8,5,7,17.42279409999901
8,5,8,17.435359055001754
8,5,9,17.463791065001715
8,6,1,20.948476112000208
8,6,2,20.921038796001085
8,6,3,20.905270823997853
8,6,4,20.904308436001884
8,6,5,20.911301207001088
8,6,6,20.90965222000159
8,6,7,20.92349396800273
8,6,8,20.950757180002256
8,6,9,20.926160315000743
8,7,1,24.382354962002864
8,7,2,24.40161922200059
8,7,3,24.36893846499879
8,7,4,24.400281666999945
8,7,5,24.415333756998734
8,7,6,24.446718762999808
8,7,7,24.441345423998428
8,7,8,24.396126620998984
8,7,9,24.369154383999557
8,8,1,27.89727149800092
8,8,2,27.8486990900019
8,8,3,27.849774821999745
8,8,4,27.83111947100042
8,8,5,27.88020846099971
8,8,6,27.836605354998028
8,8,7,27.828217487000074
8,8,8,27.822898290000012
8,8,9,27.83891400200082
8,9,1,31.359389280998585
8,9,2,31.376283046000026
8,9,3,31.35835240400047
8,9,4,31.388577032998
8,9,5,31.401206774000457
8,9,6,31.374094648999744
8,9,7,31.33761393900204
8,9,8,31.344856281997636
8,9,9,31.358192760999373
8,10,1,34.90960825699949
8,10,2,34.823380869001994
8,10,3,34.838062273000105
8,10,4,34.79666157199972
8,10,5,34.82437155900334
8,10,6,34.873745726999914
8,10,7,34.85394326899768
8,10,8,34.865887017000205
8,10,9,34.866613924001285
8,11,1,38.34847171000001
8,11,2,38.344458157996996
8,11,3,38.2940530449996
8,11,4,38.272686473999784
8,11,5,38.310705392003
8,11,6,38.27025581899943
8,11,7,38.299360944998625
8,11,8,38.31088803399689
8,11,9,38.27650927099967
8,12,1,41.83932818500034
8,12,2,41.76239818600152
8,12,3,41.8272267909997
8,12,4,41.79690809299791
8,12,5,41.7638832800003
8,12,6,41.726387121998414
8,12,7,41.75146180899901
8,12,8,57.02925338899877
8,12,9,53.19713891799984
8,13,1,54.96984187799899
8,13,2,55.61258468399683
8,13,3,54.920245346998854
8,13,4,54.366950734001875
8,13,5,54.48841882800116
8,13,6,52.31228797699805
8,13,7,48.47528049600078
8,13,8,53.331130283000675
8,13,9,56.22541959299997
8,14,1,61.14522648399725
8,14,2,57.49816714199915
8,14,3,60.479431395000574
8,14,4,69.44697498999813
8,14,5,54.990324957001576
8,14,6,61.89043603999744
8,14,7,59.967696032003005
8,14,8,66.25836269400315
8,14,9,65.3228638699984
8,15,1,63.55766408300042
8,15,2,84.53900187799809
8,15,3,88.89459996799997
8,15,4,89.18981993800116
8,15,5,86.71812471999874
8,15,6,85.13841397699798
8,15,7,89.84652547299993
8,15,8,91.01543573800154
8,15,9,90.35165590199904
9,1,1,5.091653460996895
9,1,2,5.1427720459978445
9,1,3,6.792568381999445
9,1,4,4.833489543001633
9,1,5,5.0521968950015435
9,1,6,4.897482395001134
9,1,7,5.0524881329984055
9,1,8,4.8958364949976385
9,1,9,5.1034043279978505
9,2,1,9.901292712998838
9,2,2,9.968912562999321
9,2,3,9.997004624998226
9,2,4,9.925425978999556
9,2,5,9.922393260996614
9,2,6,13.678269893000106
9,2,7,9.906040278001456
9,2,8,9.973880946999998
9,2,9,9.960376290000568
9,3,1,16.566491633002443
9,3,2,14.783091651999712
9,3,3,14.926334971998585
9,3,4,15.005067605998192
9,3,5,14.870769165001548
9,3,6,14.733970205998048
9,3,7,14.830755331997352
9,3,8,14.860900948999188
9,3,9,17.053636563003238
9,4,1,20.322965832998307
9,4,2,20.099070492000465
9,4,3,20.067713735003053
9,4,4,19.84003633300017
9,4,5,21.208153194998886
9,4,6,19.8681869059983
9,4,7,20.21897664000062
9,4,8,20.161179327002174
9,4,9,19.99103550399741
9,5,1,24.912961555997754
9,5,2,24.726028818000486
9,5,3,24.50015831700148
9,5,4,27.610360287999356
9,5,5,44.78969915600101
9,5,6,25.349481196997658
9,5,7,20.751070595000783
9,5,8,22.072595056000864
9,5,9,22.12731184199947
9,6,1,30.453485272999387
9,6,2,35.842927612000494
9,6,3,28.21938900999885
9,6,4,27.455710815000202
9,6,5,37.58391221900092
9,6,6,25.215970437999204
9,6,7,27.262630312998226
9,6,8,27.590720137999597
9,6,9,27.129765295998368
9,7,1,39.92931173800025
9,7,2,37.755253696999716
9,7,3,33.82973541600222
9,7,4,41.421786522998445
9,7,5,36.33154081199973
9,7,6,34.0566847379996
9,7,7,33.459635112001706
9,7,8,32.4888672959969
9,7,9,36.778497316998255
9,8,1,38.41735029999836
9,8,2,38.475088723000226
9,8,3,35.34193676400173
9,8,4,43.60077614400143
9,8,5,42.8913479010007
9,8,6,34.54394956000033
9,8,7,54.949355534998176
9,8,8,39.240013806000206
9,8,9,38.840443140998104
9,9,1,43.53309524999713
9,9,2,44.55077710800106
9,9,3,45.76827184099966
9,9,4,44.951274625000224
9,9,5,44.24051230999976
9,9,6,44.427262509001594
9,9,7,43.38573407399963
9,9,8,43.7253951849998
9,9,9,44.41473767400021
9,10,1,53.34704395800145
9,10,2,49.139958244999434
9,10,3,46.133890098997654
9,10,4,50.339984980000736
9,10,5,50.79232533499817
9,10,6,49.59426513899962
9,10,7,49.14327159300228
9,10,8,48.896735762999015
9,10,9,49.492459314998996
9,11,1,54.39948892400207
9,11,2,55.03361941499679
9,11,3,43.20964152099987
9,11,4,43.142000240000925
9,11,5,43.16860324599838
9,11,6,43.20745789599823
9,11,7,43.147957727000176
9,11,8,43.13056213600066
9,11,9,43.146707561001676
9,12,1,47.101305063002656
9,12,2,47.07665819599788
9,12,3,47.072889975999715
9,12,4,46.985187496000435
9,12,5,47.05716540499998
9,12,6,47.01977620999969
9,12,7,47.021066663000965
9,12,8,47.03124613000182
9,12,9,47.07176177400106
9,13,1,50.91541872400194
9,13,2,50.93551972299974
9,13,3,50.907138089998625
9,13,4,50.88771819500107
9,13,5,50.905737539000256
9,13,6,50.930392114001734
9,13,7,50.91192724400025
9,13,8,50.85763797099935
9,13,9,50.910026612000365
9,14,1,54.840215645999706
9,14,2,54.76272747599796
9,14,3,54.81442404500194
9,14,4,54.78382767700168
9,14,5,54.75749722800174
9,14,6,54.73896673600029
9,14,7,54.79057803900287
9,14,8,54.80337614000018
9,14,9,54.698256625000795
9,15,1,58.6915480280004
9,15,2,58.78266232600072
9,15,3,58.64664322200042
9,15,4,58.73499359299967
9,15,5,59.14550854499976
9,15,6,58.80385200100136
9,15,7,59.71156387999872
9,15,8,58.468539670997416
9,15,9,58.72897061200274
10,1,1,4.47762734799835
10,1,2,4.461420759998873
10,1,3,4.448750930998358
10,1,4,4.3806237270000565
10,1,5,4.369482915997651
10,1,6,4.355940321998787
10,1,7,4.360389166002278
10,1,8,4.357288112001697
10,1,9,4.359261860998231
10,2,1,8.722291907000908
10,2,2,8.789159446001577
10,2,3,8.724501541997597
10,2,4,8.690092423999886
10,2,5,8.72054807299719
10,2,6,8.688691920000565
10,2,7,8.73248476200024
10,2,8,8.694943962000252
10,2,9,8.727032376002171
10,3,1,13.031244145000528
10,3,2,13.067433169999276
10,3,3,13.044115215001511
10,3,4,13.05541876800271
10,3,5,13.076665625001624
10,3,6,13.06894967399785
10,3,7,13.056028025999694
10,3,8,13.075737197003036
10,3,9,13.068185062998964
10,4,1,17.378365759999724
10,4,2,17.391654527000355
10,4,3,17.380090967999422
10,4,4,17.406445396998606
10,4,5,17.39673745700202
10,4,6,17.37202065100064
10,4,7,17.397414290000597
10,4,8,17.507518007998442
10,4,9,17.382584379000036
10,5,1,21.718569333999767
10,5,2,21.713883278996946
10,5,3,21.68223510199823
10,5,4,21.681691571000556
10,5,5,21.70164775199737
10,5,6,21.695226444000582
10,5,7,21.716227627999615
10,5,8,21.67278956899827
10,5,9,21.668213335000473
10,6,1,26.083779985001456
10,6,2,26.022484525001346
10,6,3,26.00232643900017
10,6,4,26.017263182002353
10,6,5,25.98747447000278
10,6,6,26.043693761999748
10,6,7,26.02665848900142
10,6,8,26.05374907499936
10,6,9,26.02858066800036
10,7,1,30.351599195000745
10,7,2,30.343297728002653
10,7,3,30.317465684001945
10,7,4,30.331327413001418
10,7,5,30.32398043699868
10,7,6,30.375495905002026
10,7,7,30.341716630002338
10,7,8,30.3386129970022
10,7,9,30.334839883002132
10,8,1,34.69126007399973
10,8,2,34.61573833999864
10,8,3,34.684204716999375
10,8,4,34.642179573998874
10,8,5,34.71589236300133
10,8,6,34.67120051999882
10,8,7,34.63022515799821
10,8,8,34.71724421399995
10,8,9,34.63788489000217
10,9,1,39.00650453799972
10,9,2,38.972886982999626
10,9,3,39.00346505499692
10,9,4,39.05303917499987
10,9,5,38.990731144000165
10,9,6,39.00411340500068
10,9,7,38.9557979759993
10,9,8,39.036429692998354
10,9,9,39.00935624400154
10,10,1,43.39571938800145
10,10,2,43.3510479079996
10,10,3,43.326400450998335
10,10,4,43.32811824500095
10,10,5,43.3005846369997
10,10,6,43.378369894999196
10,10,7,43.29354900999897
10,10,8,43.30449955199947
10,10,9,43.3413258569999
10,11,1,47.69170862300234
10,11,2,47.67866522899931
10,11,3,47.67605950200232
10,11,4,47.72287152100034
10,11,5,47.670668259001104
10,11,6,47.721277497999836
10,11,7,47.710507644002064
10,11,8,47.761236231999646
10,11,9,47.66341809699952
10,12,1,52.09320192599989
10,12,2,52.03362594999999
10,12,3,52.08493471800102
10,12,4,52.0016616890025
10,12,5,52.03354823600239
10,12,6,51.997716911999305
10,12,7,51.9479011350013
10,12,8,51.976537700000335
10,12,9,52.03805880299842
10,13,1,56.289649470003496
10,13,2,56.41390545699687
10,13,3,56.60748600899751
10,13,4,56.33098565800174
10,13,5,56.3334602870018
10,13,6,56.319745320997754
10,13,7,56.3697492479987
10,13,8,56.35499695100225
10,13,9,56.31320689399945
10,14,1,60.69585864500186
10,14,2,60.64470639499996
10,14,3,60.70659351799986
10,14,4,60.71740817599857
10,14,5,60.74945920499886
10,14,6,60.89762330600206
10,14,7,60.63317737200123
10,14,8,60.62197991699941
10,14,9,60.623712551998324
10,15,1,65.02364157899865
10,15,2,64.98731980999946
10,15,3,64.94797216200095
10,15,4,64.89892903500004
10,15,5,64.9502898890023
10,15,6,64.9974703020016
10,15,7,64.91497952999998
10,15,8,64.88476148900008
10,15,9,64.91506121600105
11,1,1,4.815061424997111
11,1,2,4.805861879998702
11,1,3,4.7709797819989035
11,1,4,4.806304662000912
11,1,5,4.807790697999735
11,1,6,4.794168410000566
11,1,7,4.80603057999906
11,1,8,4.812071624000964
11,1,9,4.777947523998591
11,2,1,9.59672846399917
11,2,2,9.565204406000703
11,2,3,9.588916119002533
11,2,4,9.569869926999672
11,2,5,9.594954350999615
11,2,6,9.565545683999517
11,2,7,9.606889615999535
11,2,8,9.557213537002099
11,2,9,9.612373456999194
11,3,1,14.317163527000957
11,3,2,14.33507322999867
11,3,3,14.346786210000573
11,3,4,14.36499931599974
11,3,5,14.363761879001686
11,3,6,14.38490231400283
11,3,7,14.329605798000557
11,3,8,14.363740843000414
11,3,9,14.441490017001342
11,4,1,19.1552605700017
11,4,2,19.14514285399855
11,4,3,19.12982118900254
11,4,4,19.15047183199931
11,4,5,19.13363460600158
11,4,6,19.12794765400031
11,4,7,19.126538283999253
11,4,8,19.14940690900039
11,4,9,19.15117737699984
11,5,1,23.883314685997902
11,5,2,23.921841766998114
11,5,3,23.913277217998257
11,5,4,23.90574690699941
11,5,5,23.897938426998735
11,5,6,23.899404556999798
11,5,7,23.90995515599934
11,5,8,23.869475577997946
11,5,9,23.860592143002577
11,6,1,28.65313100500134
11,6,2,28.621000236002146
11,6,3,28.6718370210001
11,6,4,28.605639190001966
11,6,5,28.626823710997996
11,6,6,28.626183511001727
11,6,7,28.6542289780009
11,6,8,28.630404883002484
11,6,9,28.643409066997265
11,7,1,33.39511329999732
11,7,2,33.399353819997486
11,7,3,33.36925998999868
11,7,4,33.51823633899767
11,7,5,33.37622548099898
11,7,6,33.41255954399821
11,7,7,33.36066838699844
11,7,8,33.408521262997965
11,7,9,33.40076005999799
11,8,1,38.16995497899916
11,8,2,38.203900656997575
11,8,3,38.15824934400007
11,8,4,38.1731240040026
11,8,5,38.17364927499875
11,8,6,38.19150174900278
11,8,7,38.19948963299976
11,8,8,38.16390037900055
11,8,9,38.19078649600124
11,9,1,42.947594203000335
11,9,2,42.970465082999
11,9,3,42.92923933400016
11,9,4,43.00785328300117
11,9,5,42.97097616500105
11,9,6,42.9179025730009
11,9,7,42.939605512001435
11,9,8,42.940359612002794
11,9,9,42.976816646998486
11,10,1,47.71812124400094
11,10,2,47.70731364299718
11,10,3,47.79704279699945
11,10,4,47.671693870001036
11,10,5,47.73908219199802
11,10,6,47.67450714300139
11,10,7,47.67095564400006
11,10,8,47.71139803400001
11,10,9,47.68806373600091
11,11,1,52.46936957899743
11,11,2,52.49764582999342
11,11,3,52.574750854997546
11,11,4,52.52639977200306
11,11,5,52.50858343899745
11,11,6,52.494999015005305
11,11,7,52.44516625600227
11,11,8,52.45779117199709
11,11,9,52.51576211200154
11,12,1,57.305012810000335
11,12,2,57.29700813499949
11,12,3,57.287439501000335
11,12,4,57.32313890999649
11,12,5,57.31218004299444
11,12,6,57.32971606699721
11,12,7,57.23251729799813
11,12,8,57.271585246999166
11,12,9,57.26801409499603
11,13,1,62.04924251400371
11,13,2,62.05220942799497
11,13,3,62.00769659100479
11,13,4,62.03980808999768
11,13,5,62.11197400899982
11,13,6,62.076658893995045
11,13,7,62.06353689200478
11,13,8,62.0053565660055
11,13,9,62.162041482995846
11,14,1,66.79051974599861
11,14,2,66.75844725200295
11,14,3,66.74866819800081
11,14,4,66.81305284099653
11,14,5,66.69723978899856
11,14,6,66.65445696999814
11,14,7,66.70742619799421
11,14,8,66.77602834600111
11,14,9,66.71417875499901
11,15,1,71.5817915209991
11,15,2,71.4970841730028
11,15,3,71.49057341899606
11,15,4,71.49065626299853
11,15,5,71.48469439800101
11,15,6,71.84849613199913
11,15,7,71.78843499399954
11,15,8,71.4833177699984
11,15,9,71.52687622100348
12,1,1,5.25088142700406
12,1,2,5.24820276000537
12,1,3,5.22980472400377
12,1,4,5.240906016995723
12,1,5,5.245027413999196
12,1,6,5.222463218000485
12,1,7,5.233155683999939
12,1,8,5.23903938800504
12,1,9,5.219178751998697
12,2,1,10.456999428999552
12,2,2,10.42764403399633
12,2,3,10.451178963994607
12,2,4,10.416496770005324
12,2,5,10.478147458001331
12,2,6,10.418364687000576
12,2,7,10.459979443003249
12,2,8,10.411351319999085
12,2,9,10.451561786998354
12,3,1,15.626840248005465
12,3,2,15.656265845005692
12,3,3,15.667486348000239
12,3,4,15.669780493997678
12,3,5,15.654338560001634
12,3,6,15.665882843000873
12,3,7,15.673372655001003
12,3,8,15.65075258899742
12,3,9,15.655789121999987
12,4,1,20.853127401001984
12,4,2,20.88732876299764
12,4,3,20.86496913600422
12,4,4,20.876701934997982
12,4,5,20.836227327003144
12,4,6,20.90260123900225
12,4,7,20.885613409001962
12,4,8,20.877080591002596
12,4,9,20.871319767000386
12,5,1,26.07094110199978
12,5,2,26.12154883599578
12,5,3,26.050109903000703
12,5,4,26.039811207003368
12,5,5,26.090987659001257
12,5,6,26.084722142993996
12,5,7,26.097002376998716
12,5,8,26.10216989000037
12,5,9,26.100805467998725
12,6,1,31.311375207005767
12,6,2,31.299648225001874
12,6,3,31.28278420800052
12,6,4,31.26485473899811
12,6,5,31.28650579000532
12,6,6,31.24049967800238
12,6,7,31.244082725002954
12,6,8,31.245023153998773
12,6,9,31.24066448600206
12,7,1,36.47357545599516
12,7,2,36.446098571999755
12,7,3,36.43534518399974
12,7,4,36.44431165700371
12,7,5,36.430196133995196
12,7,6,36.442539785995905
12,7,7,36.43179152200173
12,7,8,36.418410531005065
12,7,9,36.44464888600487
12,8,1,41.58224353499827
12,8,2,41.58498285400128
12,8,3,41.57804941500217
12,8,4,41.58378384500247
12,8,5,41.583464543000446
12,8,6,41.61773126100161
12,8,7,41.63502176700422
12,8,8,41.546233122004196
12,8,9,41.63409526000032
12,9,1,46.800298913993174
12,9,2,46.85163161299715
12,9,3,46.831696252003894
12,9,4,46.85505368199665
12,9,5,46.82289029600361
12,9,6,46.78914324699872
12,9,7,46.78952545500215
12,9,8,46.76109686400014
12,9,9,46.77736441900197
12,10,1,51.96201074500277
12,10,2,51.94262516999879
12,10,3,51.96957628000382
12,10,4,52.036963418002415
12,10,5,51.99034350299917
12,10,6,52.03971969200211
12,10,7,52.06201585900271
12,10,8,52.0569066379976
12,10,9,52.04392219399597
12,11,1,57.266866612997546
12,11,2,57.16362226199999
12,11,3,57.1900048489988
12,11,4,57.27731724000478
12,11,5,57.19704769999953
12,11,6,57.13250369900197
12,11,7,57.17651729299541
12,11,8,57.24408538999705
12,11,9,57.17514482900151
12,12,1,62.42369660099939
12,12,2,62.392756481000106
12,12,3,62.431848888001696
12,12,4,62.34658896300243
12,12,5,62.38779899899964
12,12,6,62.340301766002085
12,12,7,62.33998463900207
12,12,8,62.32462285699876
12,12,9,62.31357193099393
12,13,1,67.52212766899902
12,13,2,67.46046316200227
12,13,3,67.41484449300333
12,13,4,67.47501063299569
12,13,5,67.49785825800063
12,13,6,67.50791529999697
12,13,7,67.61306932400475
12,13,8,67.48972115699871
12,13,9,67.50265510999452
12,14,1,72.76535750399489
12,14,2,72.70601182300015
12,14,3,72.71183367200138
12,14,4,72.75290546999895
12,14,5,72.81563946700044
12,14,6,72.76690749899717
12,14,7,72.7211095560051
12,14,8,72.79008766199695
12,14,9,72.67923279399838
12,15,1,77.88117627499742
12,15,2,77.84845194900117
12,15,3,77.84195841099427
12,15,4,77.90821375900123
12,15,5,77.95413568500226
12,15,6,77.9854742749958
12,15,7,77.91649231499468
12,15,8,77.783698018
12,15,9,77.81060705999698
13,1,1,5.666697503002069
13,1,2,5.652618921994872
13,1,3,5.667409506000695
13,1,4,5.660082702001091
13,1,5,5.654239289004181
13,1,6,5.657189745004871
13,1,7,5.6588390990000335
13,1,8,5.657758139001089
13,1,9,5.651844476997212
13,2,1,11.266250291999313
13,2,2,11.280319903002237
13,2,3,11.321799047997047
13,2,4,11.318809215001238
13,2,5,11.319037629997183
13,2,6,11.315243614000792
13,2,7,11.315976300997136
13,2,8,11.328935899000498
13,2,9,11.332458092001616
13,3,1,16.928957290001563
13,3,2,16.931344046999584
13,3,3,16.956441848000395
13,3,4,16.945738800997788
13,3,5,16.935174662001373
13,3,6,16.926469498997903
13,3,7,16.95905079500517
13,3,8,17.01880092400097
13,3,9,16.94738314600545
13,4,1,22.61761342999671
13,4,2,22.593136209005024
13,4,3,22.600383996003075
13,4,4,22.609228416004044
13,4,5,22.561106966000807
13,4,6,22.569101519002288
13,4,7,22.58015938400058
13,4,8,22.589638309000293
13,4,9,22.59611073799897
13,5,1,28.196108443000412
13,5,2,28.21592228300142
13,5,3,28.217125044000568
13,5,4,28.21646999299992
13,5,5,28.199418196003535
13,5,6,28.172773087004316
13,5,7,28.220908326002245
13,5,8,28.15224311399652
13,5,9,28.187794145000225
13,6,1,33.83179968300101
13,6,2,33.80481535799481
13,6,3,33.80838806900283
13,6,4,33.80009759499808
13,6,5,33.81270023800607
13,6,6,33.778469475997554
13,6,7,33.77990442999726
13,6,8,33.78848969699902
13,6,9,33.779870723003114
13,7,1,39.43913305699971
13,7,2,39.4465844189981
13,7,3,39.44747615399683
13,7,4,39.45775440300349
13,7,5,39.44662980800058
13,7,6,39.43820574100391
13,7,7,39.41726684700552
13,7,8,39.43718495399662
13,7,9,39.44380714699946
13,8,1,45.06545424900105
13,8,2,45.02282598900638
13,8,3,45.01951138000004
13,8,4,45.07249993900041
13,8,5,45.06197103500017
13,8,6,45.03396314099518
13,8,7,45.03458252000564
13,8,8,45.029810704996635
13,8,9,45.049881768005434
13,9,1,50.71868653999991
13,9,2,50.65879251100705
13,9,3,50.68575376099761
13,9,4,50.642034001000866
13,9,5,50.65439381299802
13,9,6,50.69541981499788
13,9,7,50.655139167000016
13,9,8,50.6202152689948
13,9,9,50.70178355000098
13,10,1,56.34537917799753
13,10,2,56.355245988001116
13,10,3,56.30819606399746
13,10,4,56.29467997699976
13,10,5,56.2672142320007
13,10,6,56.31930722099787
13,10,7,56.32962097699783
13,10,8,56.29532749999635
13,10,9,56.26499805999629
13,11,1,62.010940289001155
13,11,2,61.862955589000194
13,11,3,61.8315832599983
13,11,4,61.93358686499414
13,11,5,62.0476485590043
13,11,6,62.04107237300195
13,11,7,62.06173722800304
13,11,8,62.023855079001805
13,11,9,61.99818156800029
13,12,1,67.68091093900148
13,12,2,67.70170356000017
13,12,3,67.68338693999976
13,12,4,67.66862386499997
13,12,5,67.68829106700287
13,12,6,67.71038158099691
13,12,7,67.71992583500105
13,12,8,67.83650904700335
13,12,9,67.73223804999725
13,13,1,73.38598135700158
13,13,2,73.35867000199505
13,13,3,73.2800478049976
13,13,4,73.27281081800174
13,13,5,73.28389134499594
13,13,6,73.27260962599394
13,13,7,73.32034232700244
13,13,8,73.31988497100247
13,13,9,73.24157354199997
13,14,1,78.94170558300539
13,14,2,78.92930095399788
13,14,3,78.90576134200091
13,14,4,78.91465813999821
13,14,5,79.12804274899827
13,14,6,78.93158619799942
13,14,7,81.59104889300215
13,14,8,79.15765137300332
13,14,9,78.9174087509964
13,15,1,84.61310381899966
13,15,2,84.60403048899752
13,15,3,84.57853482200153
13,15,4,84.53607781299797
13,15,5,84.60313369100186
13,15,6,84.57607024300523
13,15,7,84.48708003699721
13,15,8,84.39902619200438
13,15,9,84.38631650400202
